{
    "KMP": {
        "text1": {
            "existing": 0.003291395987616852,
            "non_existing": 0.003211411996744573
        },
        "text2": {
            "existing": 0.0047819440078455955,
            "non_existing": 0.004888575000222772
        }
    },
    "Boyer-Moore": {
        "text1": {
            "existing": 0.0006468619976658374,
            "non_existing": 0.0003244729887228459
        },
        "text2": {
            "existing": 0.0009661620133556426,
            "non_existing": 0.00047104599070735276
        }
    },
    "Rabin-Karp": {
        "text1": {
            "existing": 0.004344811983173713,
            "non_existing": 0.004857036983594298
        },
        "text2": {
            "existing": 0.006317974010016769,
            "non_existing": 0.007809142000041902
        }
    }
}